<?xml version="1.0" encoding="utf-8" ?>
<dwsync>
<file name="craftsy.png" server="D:/Dev/Programs/wamp/www/wordpress/wp-content/plugins/crafty-social-buttons/" local="130264139377875078" remote="130264139370000000" />
<file name="digg.png" server="D:/Dev/Programs/wamp/www/wordpress/wp-content/plugins/crafty-social-buttons/" local="130264139378125093" remote="130264139370000000" />
<file name="email.png" server="D:/Dev/Programs/wamp/www/wordpress/wp-content/plugins/crafty-social-buttons/" local="130264139378185096" remote="130264139370000000" />
<file name="etsy.png" server="D:/Dev/Programs/wamp/www/wordpress/wp-content/plugins/crafty-social-buttons/" local="130264139378235099" remote="130264139370000000" />
<file name="facebook.png" server="D:/Dev/Programs/wamp/www/wordpress/wp-content/plugins/crafty-social-buttons/" local="130264139378285102" remote="130264139370000000" />
<file name="facebook2.png" server="D:/Dev/Programs/wamp/www/wordpress/wp-content/plugins/crafty-social-buttons/" local="130264139378335105" remote="130264139370000000" />
<file name="flickr.png" server="D:/Dev/Programs/wamp/www/wordpress/wp-content/plugins/crafty-social-buttons/" local="130264139378665123" remote="130264139370000000" />
<file name="google.png" server="D:/Dev/Programs/wamp/www/wordpress/wp-content/plugins/crafty-social-buttons/" local="130264139378725127" remote="130264139370000000" />
<file name="linkedin.png" server="D:/Dev/Programs/wamp/www/wordpress/wp-content/plugins/crafty-social-buttons/" local="130264139378775130" remote="130264139370000000" />
<file name="pinterest.png" server="D:/Dev/Programs/wamp/www/wordpress/wp-content/plugins/crafty-social-buttons/" local="130264139378795131" remote="130264139370000000" />
<file name="ravelry.png" server="D:/Dev/Programs/wamp/www/wordpress/wp-content/plugins/crafty-social-buttons/" local="130264139378845134" remote="130264139370000000" />
<file name="reddit.png" server="D:/Dev/Programs/wamp/www/wordpress/wp-content/plugins/crafty-social-buttons/" local="130264139378895137" remote="130264139370000000" />
<file name="rss.png" server="D:/Dev/Programs/wamp/www/wordpress/wp-content/plugins/crafty-social-buttons/" local="130264139378955140" remote="130264139370000000" />
<file name="stumbleupon.png" server="D:/Dev/Programs/wamp/www/wordpress/wp-content/plugins/crafty-social-buttons/" local="130264139379025144" remote="130264139370000000" />
<file name="tumblr.png" server="D:/Dev/Programs/wamp/www/wordpress/wp-content/plugins/crafty-social-buttons/" local="130264139379075147" remote="130264139370000000" />
<file name="twitter.png" server="D:/Dev/Programs/wamp/www/wordpress/wp-content/plugins/crafty-social-buttons/" local="130264139379135150" remote="130264139370000000" />
<file name="twitter2.png" server="D:/Dev/Programs/wamp/www/wordpress/wp-content/plugins/crafty-social-buttons/" local="130264139379185153" remote="130264139370000000" />
<file name="youtube.png" server="D:/Dev/Programs/wamp/www/wordpress/wp-content/plugins/crafty-social-buttons/" local="130264139379245157" remote="130264139370000000" />
</dwsync>