<?xml version="1.0" encoding="utf-8" ?>
<dwsync>
<file name="craftsy.png" server="D:/Dev/Programs/wamp/www/wordpress/wp-content/plugins/crafty-social-buttons/" local="130264139381355277" remote="130264139380000000" />
<file name="digg.png" server="D:/Dev/Programs/wamp/www/wordpress/wp-content/plugins/crafty-social-buttons/" local="130264139381395280" remote="130264139380000000" />
<file name="email.png" server="D:/Dev/Programs/wamp/www/wordpress/wp-content/plugins/crafty-social-buttons/" local="130264139381435282" remote="130264139380000000" />
<file name="etsy.png" server="D:/Dev/Programs/wamp/www/wordpress/wp-content/plugins/crafty-social-buttons/" local="130264139381475284" remote="130264139380000000" />
<file name="facebook.png" server="D:/Dev/Programs/wamp/www/wordpress/wp-content/plugins/crafty-social-buttons/" local="130264139381505286" remote="130264139380000000" />
<file name="google.png" server="D:/Dev/Programs/wamp/www/wordpress/wp-content/plugins/crafty-social-buttons/" local="130264139381555289" remote="130264139380000000" />
<file name="linkedin.png" server="D:/Dev/Programs/wamp/www/wordpress/wp-content/plugins/crafty-social-buttons/" local="130264139381585290" remote="130264139380000000" />
<file name="pinterest.png" server="D:/Dev/Programs/wamp/www/wordpress/wp-content/plugins/crafty-social-buttons/" local="130264139381625293" remote="130264139380000000" />
<file name="ravelry.png" server="D:/Dev/Programs/wamp/www/wordpress/wp-content/plugins/crafty-social-buttons/" local="130264139381655294" remote="130264139380000000" />
<file name="reddit.png" server="D:/Dev/Programs/wamp/www/wordpress/wp-content/plugins/crafty-social-buttons/" local="130264139381685296" remote="130264139380000000" />
<file name="stumbleupon.png" server="D:/Dev/Programs/wamp/www/wordpress/wp-content/plugins/crafty-social-buttons/" local="130264139381735299" remote="130264139380000000" />
<file name="tumblr.png" server="D:/Dev/Programs/wamp/www/wordpress/wp-content/plugins/crafty-social-buttons/" local="130264139381905309" remote="130264139380000000" />
<file name="twitter.png" server="D:/Dev/Programs/wamp/www/wordpress/wp-content/plugins/crafty-social-buttons/" local="130264139382005314" remote="130264139380000000" />
</dwsync>