<?xml version="1.0" encoding="utf-8" ?>
<dwsync>
<file name="craftsy.png" server="D:/Dev/Programs/wamp/www/wordpress/wp-content/plugins/crafty-social-buttons/" local="130264139382975370" remote="130264139380000000" />
<file name="digg.png" server="D:/Dev/Programs/wamp/www/wordpress/wp-content/plugins/crafty-social-buttons/" local="130264139383005372" remote="130264139380000000" />
<file name="email.png" server="D:/Dev/Programs/wamp/www/wordpress/wp-content/plugins/crafty-social-buttons/" local="130264139383045374" remote="130264139380000000" />
<file name="etsy.png" server="D:/Dev/Programs/wamp/www/wordpress/wp-content/plugins/crafty-social-buttons/" local="130264139383065375" remote="130264139380000000" />
<file name="facebook.png" server="D:/Dev/Programs/wamp/www/wordpress/wp-content/plugins/crafty-social-buttons/" local="130264139383095377" remote="130264139380000000" />
<file name="google.png" server="D:/Dev/Programs/wamp/www/wordpress/wp-content/plugins/crafty-social-buttons/" local="130264139383125379" remote="130264139380000000" />
<file name="linkedin.png" server="D:/Dev/Programs/wamp/www/wordpress/wp-content/plugins/crafty-social-buttons/" local="130264139383165381" remote="130264139380000000" />
<file name="pinterest.png" server="D:/Dev/Programs/wamp/www/wordpress/wp-content/plugins/crafty-social-buttons/" local="130264139383195383" remote="130264139380000000" />
<file name="ravelry.png" server="D:/Dev/Programs/wamp/www/wordpress/wp-content/plugins/crafty-social-buttons/" local="130264139383195383" remote="130264139380000000" />
<file name="reddit.png" server="D:/Dev/Programs/wamp/www/wordpress/wp-content/plugins/crafty-social-buttons/" local="130264139383225384" remote="130264139380000000" />
<file name="rss.png" server="D:/Dev/Programs/wamp/www/wordpress/wp-content/plugins/crafty-social-buttons/" local="130264139383235385" remote="130264139380000000" />
<file name="stumbleupon.png" server="D:/Dev/Programs/wamp/www/wordpress/wp-content/plugins/crafty-social-buttons/" local="130264139383265387" remote="130264139380000000" />
<file name="tumblr.png" server="D:/Dev/Programs/wamp/www/wordpress/wp-content/plugins/crafty-social-buttons/" local="130264139383295388" remote="130264139380000000" />
<file name="twitter.png" server="D:/Dev/Programs/wamp/www/wordpress/wp-content/plugins/crafty-social-buttons/" local="130264139383325390" remote="130264139380000000" />
</dwsync>