<?xml version="1.0" encoding="utf-8" ?>
<dwsync>
<file name="craftsy.png" server="D:/Dev/Programs/wamp/www/wordpress/wp-content/plugins/crafty-social-buttons/" local="130264139382015315" remote="130264139380000000" />
<file name="digg.png" server="D:/Dev/Programs/wamp/www/wordpress/wp-content/plugins/crafty-social-buttons/" local="130264139382045317" remote="130264139380000000" />
<file name="email.png" server="D:/Dev/Programs/wamp/www/wordpress/wp-content/plugins/crafty-social-buttons/" local="130264139382095320" remote="130264139380000000" />
<file name="etsy.png" server="D:/Dev/Programs/wamp/www/wordpress/wp-content/plugins/crafty-social-buttons/" local="130264139382135322" remote="130264139380000000" />
<file name="facebook.png" server="D:/Dev/Programs/wamp/www/wordpress/wp-content/plugins/crafty-social-buttons/" local="130264139382165324" remote="130264139380000000" />
<file name="flickr.png" server="D:/Dev/Programs/wamp/www/wordpress/wp-content/plugins/crafty-social-buttons/" local="130264139382205326" remote="130264139380000000" />
<file name="google.png" server="D:/Dev/Programs/wamp/www/wordpress/wp-content/plugins/crafty-social-buttons/" local="130264139382245328" remote="130264139380000000" />
<file name="linkedin.png" server="D:/Dev/Programs/wamp/www/wordpress/wp-content/plugins/crafty-social-buttons/" local="130264139382285330" remote="130264139380000000" />
<file name="pinterest.png" server="D:/Dev/Programs/wamp/www/wordpress/wp-content/plugins/crafty-social-buttons/" local="130264139382315332" remote="130264139380000000" />
<file name="ravelry.png" server="D:/Dev/Programs/wamp/www/wordpress/wp-content/plugins/crafty-social-buttons/" local="130264139382355334" remote="130264139380000000" />
<file name="reddit.png" server="D:/Dev/Programs/wamp/www/wordpress/wp-content/plugins/crafty-social-buttons/" local="130264139382395337" remote="130264139380000000" />
<file name="rss.png" server="D:/Dev/Programs/wamp/www/wordpress/wp-content/plugins/crafty-social-buttons/" local="130264139382425338" remote="130264139380000000" />
<file name="stumbleupon.png" server="D:/Dev/Programs/wamp/www/wordpress/wp-content/plugins/crafty-social-buttons/" local="130264139382455340" remote="130264139380000000" />
<file name="tumblr.png" server="D:/Dev/Programs/wamp/www/wordpress/wp-content/plugins/crafty-social-buttons/" local="130264139382495342" remote="130264139380000000" />
<file name="twitter.png" server="D:/Dev/Programs/wamp/www/wordpress/wp-content/plugins/crafty-social-buttons/" local="130264139382525344" remote="130264139380000000" />
<file name="youtube.png" server="D:/Dev/Programs/wamp/www/wordpress/wp-content/plugins/crafty-social-buttons/" local="130264139382555346" remote="130264139380000000" />
</dwsync>