<?xml version="1.0" encoding="utf-8" ?>
<dwsync>
<file name="craftsy.png" server="D:/Dev/Programs/wamp/www/wordpress/wp-content/plugins/crafty-social-buttons/" local="130264139382605349" remote="130264139380000000" />
<file name="digg.png" server="D:/Dev/Programs/wamp/www/wordpress/wp-content/plugins/crafty-social-buttons/" local="130264139382645351" remote="130264139380000000" />
<file name="email.png" server="D:/Dev/Programs/wamp/www/wordpress/wp-content/plugins/crafty-social-buttons/" local="130264139382675353" remote="130264139380000000" />
<file name="etsy.png" server="D:/Dev/Programs/wamp/www/wordpress/wp-content/plugins/crafty-social-buttons/" local="130264139382705354" remote="130264139380000000" />
<file name="facebook.png" server="D:/Dev/Programs/wamp/www/wordpress/wp-content/plugins/crafty-social-buttons/" local="130264139382735356" remote="130264139380000000" />
<file name="Flickr.png" server="D:/Dev/Programs/wamp/www/wordpress/wp-content/plugins/crafty-social-buttons/" local="130264139382565346" remote="130264139380000000" />
<file name="google.png" server="D:/Dev/Programs/wamp/www/wordpress/wp-content/plugins/crafty-social-buttons/" local="130264139382755357" remote="130264139380000000" />
<file name="linkedin.png" server="D:/Dev/Programs/wamp/www/wordpress/wp-content/plugins/crafty-social-buttons/" local="130264139382785359" remote="130264139380000000" />
<file name="pinterest.png" server="D:/Dev/Programs/wamp/www/wordpress/wp-content/plugins/crafty-social-buttons/" local="130264139382815361" remote="130264139380000000" />
<file name="ravelry.png" server="D:/Dev/Programs/wamp/www/wordpress/wp-content/plugins/crafty-social-buttons/" local="130264139382845362" remote="130264139380000000" />
<file name="reddit.png" server="D:/Dev/Programs/wamp/www/wordpress/wp-content/plugins/crafty-social-buttons/" local="130264139382875364" remote="130264139380000000" />
<file name="RSS.png" server="D:/Dev/Programs/wamp/www/wordpress/wp-content/plugins/crafty-social-buttons/" local="130264139382575347" remote="130264139380000000" />
<file name="stumbleupon.png" server="D:/Dev/Programs/wamp/www/wordpress/wp-content/plugins/crafty-social-buttons/" local="130264139382905366" remote="130264139380000000" />
<file name="tumblr.png" server="D:/Dev/Programs/wamp/www/wordpress/wp-content/plugins/crafty-social-buttons/" local="130264139382935368" remote="130264139380000000" />
<file name="twitter.png" server="D:/Dev/Programs/wamp/www/wordpress/wp-content/plugins/crafty-social-buttons/" local="130264139382965369" remote="130264139380000000" />
<file name="Vimeo.png" server="D:/Dev/Programs/wamp/www/wordpress/wp-content/plugins/crafty-social-buttons/" local="130264139382595348" remote="130264139380000000" />
<file name="YouTube.png" server="D:/Dev/Programs/wamp/www/wordpress/wp-content/plugins/crafty-social-buttons/" local="130264139382595348" remote="130264139380000000" />
</dwsync>